time/iterations,time/fps,time/time_elapsed,time/total_timesteps,train/is_line_search_success,train/learning_rate,train/policy_objective,train/n_updates,train/value_loss,train/kl_divergence_loss,train/explained_variance,rollout/ep_len_mean,rollout/ep_rew_mean,eval/mean_ep_length,eval/mean_reward
1,1,99,128,,,,,,,,,,,
2,1,204,256,1.0,0.001,5.488622665405273,1,4944.989111328125,0.2979525923728943,0.0002034902572631836,,,,
3,1,303,384,1.0,0.001,2.0476365089416504,2,5192.173974609375,0.12901253998279572,-0.0008467435836791992,72.5,-464.06021599999997,,
,,,512,1.0,0.001,1.5216670036315918,3,2748.8574462890624,0.15126389265060425,-0.0004913806915283203,,,113.4,-527.6527118
4,0,699,512,,,,,,,,72.5,-464.06021599999997,,
5,0,800,640,1.0,0.001,1.6450518369674683,4,4932.877978515625,0.1470140814781189,0.00017911195755004883,74.0,-452.80879475000006,,
6,0,894,768,1.0,0.001,1.6913588047027588,5,2217.1777587890624,0.149092435836792,0.0001372694969177246,74.0,-452.80879475000006,,
7,0,988,896,1.0,0.001,1.8949674367904663,6,4105.9720703125,0.1835332214832306,-3.612041473388672e-05,74.22222222222223,-453.74857233333336,,
,,,1024,1.0,0.001,3.7538247108459473,7,3354.0831298828125,0.2321501523256302,3.451108932495117e-05,,,75.4,-335.657084
8,0,1375,1024,,,,,,,,75.5,-451.5062600000001,,
9,0,1471,1152,1.0,0.001,2.293107748031616,8,3260.03818359375,0.18986305594444275,-0.00010395050048828125,75.5,-451.5062600000001,,
10,0,1565,1280,1.0,0.001,2.2579355239868164,9,3528.63505859375,0.25182509422302246,8.761882781982422e-06,76.0,-446.13153650000004,,
11,0,1664,1408,1.0,0.001,1.977994680404663,10,2186.7239990234375,0.23401859402656555,-4.5180320739746094e-05,76.0,-446.13153650000004,,
,,,1536,1.0,0.001,3.462026357650757,11,3877.6377197265624,0.28362804651260376,-4.9114227294921875e-05,,,116.4,-332.9732376
12,0,2069,1536,,,,,,,,76.0,-442.718306,,
13,0,2171,1664,1.0,0.001,2.131135940551758,12,2259.403515625,0.2671011984348297,1.0788440704345703e-05,76.05,-440.01884684999993,,
14,0,2267,1792,1.0,0.001,1.6642570495605469,13,4571.33037109375,0.2354632467031479,-2.9802322387695312e-05,75.57142857142857,-439.2568522857142,,
15,0,2365,1920,1.0,0.001,2.129138708114624,14,3137.428515625,0.20805782079696655,3.159046173095703e-06,75.875,-440.64414600000003,,
,,,2048,1.0,0.001,2.2146780490875244,15,2978.677587890625,0.2908347249031067,-3.9577484130859375e-05,,,95.0,-373.1013898
16,0,2756,2048,,,,,,,,75.56,-441.40151848,,
17,0,2851,2176,1.0,0.001,1.6245810985565186,16,2718.2652099609377,0.24544890224933624,-1.8596649169921875e-05,75.92592592592592,-437.76039344444445,,
18,0,2937,2304,1.0,0.001,2.682957887649536,17,2644.405908203125,0.224579319357872,-9.894371032714844e-06,76.25,-435.90820517857145,,
19,0,3019,2432,1.0,0.001,2.5202796459198,18,3206.80556640625,0.2926253080368042,-4.410743713378906e-06,76.37931034482759,-436.49710000000005,,
,,,2560,1.0,0.001,3.738231897354126,19,2738.9501953125,0.3040643334388733,-1.5020370483398438e-05,,,334.2,-264.5853278
20,0,3474,2560,,,,,,,,77.06451612903226,-438.43158738709684,,
21,0,3541,2688,1.0,0.001,3.707084894180298,20,1511.9409301757812,0.3464650511741638,4.410743713378906e-06,77.5,-437.75405903125,,
22,0,3610,2816,1.0,0.001,1.2044048309326172,21,1150.94228515625,0.22252626717090607,-2.288818359375e-05,78.39393939393939,-436.64889584848487,,
23,0,3680,2944,1.0,0.001,6.85504150390625,22,1313.7282104492188,0.31652432680130005,9.5367431640625e-07,79.29411764705883,-435.3625368235294,,
,,,3072,1.0,0.001,2.295415163040161,23,1610.4299560546874,0.2527255117893219,2.9802322387695312e-06,,,388.2,-456.71970999999996
24,0,4136,3072,,,,,,,,81.11111111111111,-433.6203755555556,,
25,0,4193,3200,1.0,0.001,2.222639560699463,24,1406.1260375976562,0.25348004698753357,-1.1205673217773438e-05,81.11111111111111,-433.6203755555556,,
26,0,4246,3328,1.0,0.001,1.5436408519744873,25,1196.9883056640624,0.2538933753967285,2.980232238769531e-07,81.11111111111111,-433.6203755555556,,
27,0,4296,3456,1.0,0.001,2.7444276809692383,26,864.5548156738281,0.3623679280281067,1.4662742614746094e-05,85.43589743589743,-433.0502904871796,,
,,,3584,1.0,0.001,4.558538436889648,27,486.0724243164062,0.26599177718162537,3.2007694244384766e-05,,,379.6,-315.398026
28,0,4742,3584,,,,,,,,85.43589743589743,-433.0502904871796,,
29,0,4796,3712,1.0,0.001,2.866513252258301,28,1087.604443359375,0.2667180895805359,-5.054473876953125e-05,87.075,-432.078801325,,
30,0,4853,3840,1.0,0.001,7.817628860473633,29,594.8533935546875,0.31152278184890747,-3.62396240234375e-05,87.075,-432.078801325,,
31,0,4899,3968,1.0,0.001,1.4366252422332764,30,909.8041198730468,0.31282544136047363,4.112720489501953e-06,87.075,-432.078801325,,
,,,4096,1.0,0.001,2.2587738037109375,31,587.3407409667968,0.2791205644607544,-1.5497207641601562e-06,,,312.0,-383.0140344
32,0,5311,4096,,,,,,,,91.90697674418605,-428.61700758139534,,
33,0,5360,4224,1.0,0.001,2.955563545227051,32,378.11890563964846,0.4667583703994751,-6.4373016357421875e-06,91.90697674418605,-428.61700758139534,,
34,0,5419,4352,1.0,0.001,1.8744101524353027,33,695.4270874023438,0.2751117944717407,-7.152557373046875e-06,93.27272727272727,-427.78623379545456,,
35,0,5473,4480,1.0,0.001,2.3641228675842285,34,1047.3439086914063,0.3598727583885193,-7.3909759521484375e-06,93.27272727272727,-427.78623379545456,,
,,,4608,1.0,0.001,6.05735969543457,35,854.7223205566406,0.38059401512145996,-1.7881393432617188e-06,,,399.0,-265.3315966
36,0,5911,4608,,,,,,,,93.27272727272727,-427.78623379545456,,
37,0,5953,4736,1.0,0.001,1.236891508102417,36,506.4446319580078,0.301296204328537,-1.1444091796875e-05,94.77777777777777,-426.76486662222226,,
38,0,5999,4864,1.0,0.001,5.739340782165527,37,388.3891876220703,0.4558061957359314,3.4570693969726562e-06,98.38297872340425,-424.97034687234043,,
39,0,6043,4992,1.0,0.001,42.41621398925781,38,712.4104858398438,0.49619340896606445,-1.2516975402832031e-05,99.66666666666667,-423.908772875,,
,,,5120,1.0,0.001,11.996312141418457,39,550.5312927246093,0.35624802112579346,-4.208087921142578e-05,,,400.0,-268.3948446
40,0,6479,5120,,,,,,,,99.66666666666667,-423.908772875,,
41,0,6518,5248,1.0,0.001,2.939030885696411,40,472.46742248535156,0.3652455806732178,-6.115436553955078e-05,99.66666666666667,-423.908772875,,
42,0,6555,5376,1.0,0.001,10.738548278808594,41,359.1237365722656,0.3652055263519287,-1.5616416931152344e-05,99.66666666666667,-423.908772875,,
43,0,6590,5504,1.0,0.001,1.0505621433258057,42,335.5856475830078,0.27881520986557007,-2.014636993408203e-05,101.53061224489795,-423.4872666938776,,
,,,5632,1.0,0.001,1.9094078540802002,43,208.87013549804686,0.3658044934272766,1.3947486877441406e-05,,,400.0,-215.5690502
44,0,7025,5632,,,,,,,,103.82,-422.75656862000005,,
45,0,7064,5760,1.0,0.001,4.476044178009033,44,334.66282348632814,0.19370059669017792,-2.288818359375e-05,106.05882352941177,-421.39022676470586,,
46,0,7099,5888,1.0,0.001,2.0751471519470215,45,355.57725830078124,0.28823867440223694,-1.609325408935547e-05,108.21153846153847,-420.5551588076923,,
47,0,7136,6016,1.0,0.001,2.1283786296844482,46,321.3669067382813,0.42981696128845215,-1.1920928955078125e-05,108.21153846153847,-420.5551588076923,,
,,,6144,1.0,0.001,0.6032294034957886,47,398.2442230224609,0.2731878459453583,-2.1338462829589844e-05,,,400.0,-245.6237782
48,0,7565,6144,,,,,,,,108.21153846153847,-420.5551588076923,,
49,0,7595,6272,1.0,0.001,0.7481714487075806,48,173.5337905883789,0.291740357875824,1.341104507446289e-05,108.21153846153847,-420.5551588076923,,
50,0,7625,6400,1.0,0.001,0.8692824244499207,49,158.4941192626953,0.3005213737487793,-5.602836608886719e-06,108.21153846153847,-420.5551588076923,,
51,0,7655,6528,1.0,0.001,0.7621350884437561,50,159.06047821044922,0.3206654191017151,1.0132789611816406e-06,110.9245283018868,-419.9118252830188,,
,,,6656,1.0,0.001,0.5649653673171997,51,159.1761276245117,0.23987586796283722,5.841255187988281e-06,,,400.0,-335.84927839999995
52,0,8076,6656,,,,,,,,110.9245283018868,-419.9118252830188,,
53,0,8103,6784,1.0,0.001,1.037987232208252,52,113.77304306030274,0.37457960844039917,-8.821487426757812e-06,110.9245283018868,-419.9118252830188,,
54,0,8129,6912,1.0,0.001,0.6435604691505432,53,144.5212829589844,0.2861197888851166,-5.5670738220214844e-05,114.5925925925926,-418.91008538888883,,
55,0,8155,7040,1.0,0.001,0.8253599405288696,54,107.84667053222657,0.3690165877342224,-4.887580871582031e-06,121.83928571428571,-417.08312937500006,,
,,,7168,1.0,0.001,1.3322110176086426,55,139.42435302734376,0.2723488211631775,-3.349781036376953e-05,,,400.0,-331.9320028
56,0,8579,7168,,,,,,,,121.83928571428571,-417.08312937500006,,
57,0,8604,7296,1.0,0.001,3.2997257709503174,56,89.77406539916993,0.46535801887512207,-5.4001808166503906e-05,121.83928571428571,-417.08312937500006,,
58,0,8630,7424,1.0,0.001,0.31845277547836304,57,88.91366271972656,0.1650979220867157,-1.6570091247558594e-05,121.83928571428571,-417.08312937500006,,
59,0,8657,7552,1.0,0.001,0.9903653264045715,58,83.06144638061524,0.2804363965988159,-2.2649765014648438e-06,121.83928571428571,-417.08312937500006,,
,,,7680,1.0,0.001,0.9939775466918945,59,95.52433929443359,0.41528767347335815,-1.0609626770019531e-05,,,400.0,-312.8971868
60,0,9083,7680,,,,,,,,121.83928571428571,-417.08312937500006,,
61,0,9110,7808,1.0,0.001,0.7125334739685059,60,91.70664672851562,0.3252270519733429,2.682209014892578e-06,121.83928571428571,-417.08312937500006,,
62,0,9137,7936,1.0,0.001,0.5108838081359863,61,103.80166854858399,0.2969018220901489,5.245208740234375e-06,121.83928571428571,-417.08312937500006,,
63,0,9164,8064,1.0,0.001,0.30715489387512207,62,104.84952239990234,0.2940242886543274,-9.179115295410156e-06,126.29824561403508,-415.9645420526316,,
,,,8192,1.0,0.001,0.494742214679718,63,107.1625961303711,0.37139296531677246,4.827976226806641e-06,,,400.0,-340.3036974
64,0,9588,8192,,,,,,,,126.29824561403508,-415.9645420526316,,
65,0,9615,8320,1.0,0.001,0.5399172306060791,64,98.43927688598633,0.356646329164505,-9.298324584960938e-06,126.29824561403508,-415.9645420526316,,
66,0,9644,8448,1.0,0.001,0.2134387195110321,65,91.87020645141601,0.40961819887161255,-1.3947486877441406e-05,134.61016949152543,-413.00764398305085,,
67,0,9673,8576,1.0,0.001,0.3426383435726166,66,147.75810699462892,0.15861736238002777,-3.421306610107422e-05,138.48333333333332,-411.21725136666663,,
,,,8704,1.0,0.001,0.07076720893383026,67,160.52680206298828,0.1718617081642151,-2.276897430419922e-05,,,400.0,-310.22449340000003
68,0,10098,8704,,,,,,,,138.48333333333332,-411.21725136666663,,
69,0,10127,8832,1.0,0.001,0.22507064044475555,68,177.28041229248046,0.25239866971969604,-4.1365623474121094e-05,138.48333333333332,-411.21725136666663,,
70,0,10153,8960,1.0,0.001,0.2254517525434494,69,134.98611755371093,0.28338927030563354,-2.1696090698242188e-05,138.48333333333332,-411.21725136666663,,
71,0,10182,9088,1.0,0.001,0.017695719376206398,70,120.60739288330078,0.3376612663269043,-3.445148468017578e-05,138.48333333333332,-411.21725136666663,,
,,,9216,1.0,0.001,1.461437463760376,71,103.21539306640625,0.4135401248931885,-2.288818359375e-05,,,400.0,-315.1032712
72,0,10609,9216,,,,,,,,138.48333333333332,-411.21725136666663,,
73,0,10642,9344,1.0,0.001,0.21020174026489258,72,148.1023742675781,0.48351961374282837,-8.106231689453125e-06,141.65573770491804,-409.80555121311477,,
74,0,10673,9472,1.0,0.001,0.3754309117794037,73,160.6339584350586,0.4375268220901489,1.1920928955078125e-07,141.65573770491804,-409.80555121311477,,
75,0,10701,9600,1.0,0.001,0.2685835361480713,74,136.47899627685547,0.49772006273269653,-3.8623809814453125e-05,144.46774193548387,-408.13488482258066,,
,,,9728,1.0,0.001,0.45037052035331726,75,142.38130798339844,0.25225597620010376,-2.2530555725097656e-05,,,400.0,-324.2735874
76,0,11127,9728,,,,,,,,147.06349206349208,-406.47233773015876,,
77,0,11162,9856,1.0,0.001,0.2633439898490906,76,175.5666275024414,0.3723127245903015,-3.349781036376953e-05,149.9375,-406.232864734375,,
78,0,11200,9984,1.0,0.001,3.2357821464538574,77,240.63575286865233,0.25660017132759094,-1.1086463928222656e-05,149.9375,-406.232864734375,,
79,0,11240,10112,1.0,0.001,0.390055775642395,78,303.4535797119141,0.4625188708305359,1.138448715209961e-05,149.9375,-406.232864734375,,
,,,10240,1.0,0.001,2.4441142082214355,79,245.44318389892578,0.4502817392349243,-1.6450881958007812e-05,,,200.8,-305.9247338
80,0,11609,10240,,,,,,,,149.9375,-406.232864734375,,
81,0,11646,10368,1.0,0.001,0.30940917134284973,80,238.88527221679686,0.3926592469215393,-2.2172927856445312e-05,151.6,-404.7405603384616,,
82,0,11679,10496,1.0,0.001,0.20351070165634155,81,196.99175415039062,0.34467288851737976,-6.198883056640625e-06,151.6,-404.7405603384616,,
83,0,11708,10624,1.0,0.001,0.14397616684436798,82,132.52631072998048,0.2467316836118698,-1.6689300537109375e-05,151.6,-404.7405603384616,,
,,,10752,1.0,0.001,0.38243138790130615,83,80.39478607177735,0.3374512195587158,-9.775161743164062e-06,,,400.0,-180.3964326
84,0,12130,10752,,,,,,,,154.76119402985074,-402.2032002537314,,
85,0,12159,10880,1.0,0.001,0.5950695872306824,84,150.9941635131836,0.3581545948982239,3.337860107421875e-06,156.39705882352942,-400.6146319117647,,
86,0,12190,11008,1.0,0.001,0.4738937318325043,85,128.685888671875,0.44595450162887573,-1.6927719116210938e-05,156.39705882352942,-400.6146319117647,,
87,0,12227,11136,1.0,0.001,0.1944774091243744,86,107.94113616943359,0.43161123991012573,-8.308887481689453e-05,156.39705882352942,-400.6146319117647,,
,,,11264,1.0,0.001,0.24412760138511658,87,167.99716033935547,0.477638304233551,-5.1021575927734375e-05,,,400.0,-188.6864506
88,0,12652,11264,,,,,,,,156.39705882352942,-400.6146319117647,,
89,0,12682,11392,1.0,0.001,0.07348846644163132,88,91.97162017822265,0.11032050102949142,-5.412101745605469e-05,156.39705882352942,-400.6146319117647,,
90,0,12708,11520,1.0,0.001,0.21061843633651733,89,64.36959915161133,0.27838951349258423,-7.808208465576172e-05,156.39705882352942,-400.6146319117647,,
91,0,12734,11648,1.0,0.001,0.23446297645568848,90,59.24099235534668,0.3395187258720398,-7.891654968261719e-05,156.39705882352942,-400.6146319117647,,
,,,11776,1.0,0.001,0.06088663637638092,91,53.83773536682129,0.3316470980644226,-2.9325485229492188e-05,,,400.0,-202.993687
92,0,13153,11776,,,,,,,,158.8985507246377,-398.5043377826087,,
93,0,13178,11904,1.0,0.001,0.14204713702201843,92,89.30768280029297,0.3096095621585846,-1.2516975402832031e-05,158.8985507246377,-398.5043377826087,,
94,0,13203,12032,1.0,0.001,0.037839680910110474,93,52.86685066223144,0.06032979488372803,-1.6689300537109375e-06,163.69014084507043,-393.8633189295774,,
95,0,13228,12160,1.0,0.001,0.024881459772586823,94,174.89205017089844,0.4017552435398102,-1.5854835510253906e-05,163.69014084507043,-393.8633189295774,,
,,,12288,1.0,0.001,0.08027708530426025,95,73.44496383666993,0.26267269253730774,-7.808208465576172e-05,,,400.0,-309.09032900000005
96,0,13646,12288,,,,,,,,166.125,-392.69066786111114,,
97,0,13671,12416,1.0,0.001,0.0753992423415184,96,97.13844528198243,0.37388116121292114,-2.0623207092285156e-05,166.125,-392.69066786111114,,
98,0,13697,12544,1.0,0.001,0.05744881182909012,97,71.63777618408203,0.05497315526008606,-4.875659942626953e-05,166.125,-392.69066786111114,,
99,0,13722,12672,1.0,0.001,0.15644332766532898,98,65.94540405273438,0.4356749951839447,-2.9802322387695312e-05,166.125,-392.69066786111114,,
,,,12800,1.0,0.001,0.07317890226840973,99,52.22829132080078,0.337714821100235,-4.982948303222656e-05,,,400.0,-317.88871520000004
100,0,14140,12800,,,,,,,,166.125,-392.69066786111114,,
101,0,14166,12928,1.0,0.001,0.1430414766073227,100,59.20838661193848,0.3868333697319031,-3.063678741455078e-05,166.125,-392.69066786111114,,
102,0,14191,13056,1.0,0.001,0.04868921637535095,101,54.48489494323731,0.28593093156814575,-1.8358230590820312e-05,166.125,-392.69066786111114,,
103,0,14216,13184,1.0,0.001,0.015022911131381989,102,40.01557846069336,0.12893392145633698,-2.2172927856445312e-05,166.125,-392.69066786111114,,
,,,13312,1.0,0.001,0.09447326511144638,103,28.837237739562987,0.3467170000076294,-1.1444091796875e-05,,,400.0,-212.2734254
104,0,14635,13312,,,,,,,,169.32876712328766,-390.3932660821918,,
105,0,14661,13440,1.0,0.001,0.010731834918260574,104,119.07296142578124,0.023645464330911636,-1.621246337890625e-05,169.32876712328766,-390.3932660821918,,
106,0,14686,13568,1.0,0.001,0.04949997738003731,105,37.789415740966795,0.4633723497390747,-0.0001628398895263672,169.32876712328766,-390.3932660821918,,
107,0,14711,13696,1.0,0.001,0.04829347878694534,106,51.65797996520996,0.45305579900741577,-8.845329284667969e-05,175.48,-386.80698520000004,,
,,,13824,1.0,0.001,0.01522737741470337,107,149.57023010253906,0.492770791053772,-4.0531158447265625e-05,,,400.0,-223.46907460000003
108,0,15130,13824,,,,,,,,178.43421052631578,-385.13013414473687,,
109,0,15155,13952,1.0,0.001,0.0830698013305664,108,139.21170806884766,0.28027963638305664,-2.8133392333984375e-05,178.43421052631578,-385.13013414473687,,
110,0,15180,14080,1.0,0.001,0.02348681539297104,109,54.88151473999024,0.021761862561106682,-6.23464584350586e-05,178.43421052631578,-385.13013414473687,,
111,0,15205,14208,1.0,0.001,0.15542808175086975,110,51.42727966308594,0.11455727368593216,-0.00012886524200439453,178.43421052631578,-385.13013414473687,,
,,,14336,1.0,0.001,0.06401561200618744,111,58.06576271057129,0.31050026416778564,-9.489059448242188e-05,,,400.0,-245.12626020000002
112,0,15623,14336,,,,,,,,178.43421052631578,-385.13013414473687,,
113,0,15648,14464,1.0,0.001,0.011139333248138428,112,69.45463790893555,0.005366789177060127,-6.008148193359375e-05,178.43421052631578,-385.13013414473687,,
114,0,15674,14592,1.0,0.001,0.00025363266468048096,113,65.50062255859375,0.1475009322166443,-3.647804260253906e-05,178.43421052631578,-385.13013414473687,,
115,0,15699,14720,1.0,0.001,1.095607876777649e-05,114,71.15028610229493,0.0052944449707865715,-2.8848648071289062e-05,178.43421052631578,-385.13013414473687,,
,,,14848,1.0,0.001,0.0018000220879912376,115,67.20237579345704,0.08223710209131241,-2.3603439331054688e-05,,,400.0,-171.0205274
116,0,16117,14848,,,,,,,,178.43421052631578,-385.13013414473687,,
117,0,16143,14976,1.0,0.001,0.00021854043006896973,116,59.533148193359374,0.03133225813508034,-2.384185791015625e-06,181.2987012987013,-384.2286808961039,,
118,0,16168,15104,1.0,0.001,0.22201329469680786,117,110.05301666259766,0.2889113426208496,6.854534149169922e-06,181.2987012987013,-384.2286808961039,,
119,0,16193,15232,1.0,0.001,0.13951170444488525,118,41.72381782531738,0.4032819867134094,-8.344650268554688e-06,186.83544303797467,-380.7233331265823,,
,,,15360,1.0,0.001,0.03156808018684387,119,212.72514801025392,0.11230829358100891,3.337860107421875e-06,,,400.0,-201.1779948
120,0,16625,15360,,,,,,,,186.83544303797467,-380.7233331265823,,
121,0,16651,15488,1.0,0.001,0.03455352038145065,120,33.92472152709961,0.10388019680976868,-0.00012993812561035156,189.5,-379.532123125,,
122,0,16677,15616,1.0,0.001,0.004055965691804886,121,52.935406875610354,0.006669697351753712,-4.57763671875e-05,189.5,-379.532123125,,
123,0,16702,15744,1.0,0.001,-7.450580596923828e-08,122,36.846121597290036,3.793029691223637e-06,-0.00012171268463134766,189.5,-379.532123125,,
,,,15872,1.0,0.001,-5.587935447692871e-08,123,35.2139289855957,4.231620187056251e-05,-0.0001399517059326172,,,400.0,-198.1767064
124,0,17121,15872,,,,,,,,189.5,-379.532123125,,
125,0,17146,16000,1.0,0.001,4.842877388000488e-08,124,34.330929565429685,5.5431439250241965e-05,-0.00014340877532958984,189.5,-379.532123125,,
126,0,17171,16128,1.0,0.001,1.862645149230957e-08,125,33.69292678833008,5.536142998607829e-05,-0.00014674663543701172,189.5,-379.532123125,,
127,0,17196,16256,0.0,0.001,-9.872019290924072e-08,126,33.17948455810547,0.0,-0.00010538101196289062,189.5,-379.532123125,,
,,,16384,0.0,0.001,-1.7508864402770996e-07,127,32.803748321533206,0.0,-8.797645568847656e-05,,,400.0,-219.6315134
128,0,17613,16384,,,,,,,,189.5,-379.532123125,,
129,0,17639,16512,0.0,0.001,1.862645149230957e-09,128,32.38219985961914,0.0,-9.632110595703125e-05,192.09876543209876,-377.11145548148147,,
130,0,17664,16640,0.0,0.001,3.725290298461914e-09,129,137.84317626953126,0.0,-1.704692840576172e-05,192.09876543209876,-377.11145548148147,,
131,0,17689,16768,0.0,0.001,-1.5087425708770752e-07,130,37.58130378723145,0.0,-0.00011813640594482422,192.09876543209876,-377.11145548148147,,
,,,16896,0.0,0.001,1.4901161193847656e-08,131,32.37684383392334,0.0,-6.54458999633789e-05,,,400.0,-196.64903199999998
132,0,18108,16896,,,,,,,,197.10843373493975,-372.6152976385542,,
133,0,18133,17024,0.0,0.001,-7.450580596923828e-09,132,162.4748321533203,0.0,-1.4543533325195312e-05,199.52380952380952,-371.2775706547619,,
134,0,18159,17152,0.0,0.001,1.4901161193847656e-08,133,133.51844482421876,0.0,-2.9802322387695312e-06,199.52380952380952,-371.2775706547619,,
135,0,18184,17280,0.0,0.001,3.4458935260772705e-08,134,36.74888229370117,0.0,-0.00012028217315673828,199.52380952380952,-371.2775706547619,,
,,,17408,0.0,0.001,-2.1979212760925293e-07,135,34.13604202270508,0.0,-0.00012934207916259766,,,400.0,-208.14663220000003
136,0,18603,17408,,,,,,,,199.52380952380952,-371.2775706547619,,
137,0,18628,17536,0.0,0.001,-5.21540641784668e-08,136,32.628811073303225,0.0,-8.14199447631836e-05,199.52380952380952,-371.2775706547619,,
138,0,18653,17664,0.0,0.001,-1.5739351511001587e-07,137,30.75766658782959,0.0,-6.282329559326172e-05,199.52380952380952,-371.2775706547619,,
139,0,18678,17792,0.0,0.001,-9.872019290924072e-08,138,29.030385398864745,0.0,-4.2557716369628906e-05,199.52380952380952,-371.2775706547619,,
,,,17920,0.0,0.001,-7.82310962677002e-08,139,27.885444259643556,0.0,-7.62939453125e-06,,,400.0,-195.348964
140,0,19097,17920,,,,,,,,199.52380952380952,-371.2775706547619,,
141,0,19124,18048,1.0,0.001,9.618699550628662e-06,140,26.636346054077148,0.20495882630348206,-7.62939453125e-06,199.52380952380952,-371.2775706547619,,
142,0,19149,18176,1.0,0.001,0.017353668808937073,141,30.064212226867674,0.019370587542653084,-2.384185791015625e-06,201.85882352941175,-369.19318656470585,,
143,0,19174,18304,0.0,0.001,0.0,142,85.68824844360351,0.0,-1.71661376953125e-05,201.85882352941175,-369.19318656470585,,
,,,18432,1.0,0.001,-1.043081283569336e-07,143,34.474147415161134,1.5194201296253596e-05,-0.00011801719665527344,,,400.0,-191.63012239999998
144,0,19590,18432,,,,,,,,206.3448275862069,-365.0340228505747,,
145,0,19614,18560,0.0,0.001,-1.4901161193847656e-08,144,269.4028381347656,0.0,-2.2649765014648438e-05,206.3448275862069,-365.0340228505747,,
146,0,19638,18688,0.0,0.001,-1.0803341865539551e-07,145,43.94359092712402,0.0,-0.000102996826171875,208.54545454545453,-363.39194607954545,,
147,0,19662,18816,0.0,0.001,2.9802322387695312e-08,146,56.50442352294922,0.0,-2.849102020263672e-05,208.54545454545453,-363.39194607954545,,
,,,18944,0.0,0.001,2.0489096641540527e-08,147,34.51390380859375,0.0,-7.045269012451172e-05,,,400.0,-184.6541976
148,0,20063,18944,,,,,,,,208.54545454545453,-363.39194607954545,,
149,0,20088,19072,0.0,0.001,1.601874828338623e-07,148,30.453361320495606,0.0,-3.2901763916015625e-05,208.54545454545453,-363.39194607954545,,
150,0,20112,19200,1.0,0.001,3.848224878311157e-06,149,27.984244537353515,0.019937828183174133,-1.2874603271484375e-05,208.54545454545453,-363.39194607954545,,
151,0,20140,19328,1.0,0.001,0.3072243332862854,150,27.53496265411377,0.2893647849559784,-4.172325134277344e-06,208.54545454545453,-363.39194607954545,,
,,,19456,1.0,0.001,0.031077884137630463,151,37.64042320251465,0.09461483359336853,-8.940696716308594e-06,,,400.0,-214.57343799999998
152,0,20542,19456,,,,,,,,208.54545454545453,-363.39194607954545,,
153,0,20566,19584,1.0,0.001,0.0009421855211257935,152,26.460640525817873,0.0009820172563195229,7.152557373046875e-06,208.54545454545453,-363.39194607954545,,
154,0,20590,19712,0.0,0.001,-1.30385160446167e-07,153,25.36629409790039,0.0,4.5299530029296875e-06,210.58426966292134,-361.7677166067416,,
155,0,20614,19840,0.0,0.001,-7.450580596923828e-09,154,133.0523208618164,0.0,-6.198883056640625e-06,210.58426966292134,-361.7677166067416,,
,,,19968,0.0,0.001,-2.9802322387695312e-08,155,32.690406799316406,0.0,-7.700920104980469e-05,,,400.0,-195.4863834
156,0,21015,19968,,,,,,,,212.6,-360.1093061222223,,
157,0,21039,20096,0.0,0.001,1.1175870895385742e-08,156,162.6760025024414,0.0,-6.67572021484375e-06,214.6153846153846,-358.19131932967036,,
158,0,21063,20224,0.0,0.001,1.30385160446167e-08,157,127.17768783569336,0.0,-3.790855407714844e-05,216.54347826086956,-356.3060468043479,,
159,0,21087,20352,0.0,0.001,1.4901161193847656e-08,158,141.4601089477539,0.0,-1.71661376953125e-05,216.54347826086956,-356.3060468043479,,
,,,20480,0.0,0.001,3.725290298461914e-08,159,34.828681564331056,0.0,-4.374980926513672e-05,,,400.0,-195.83776500000002
160,0,21500,20480,,,,,,,,216.54347826086956,-356.3060468043479,,
161,0,21526,20608,0.0,0.001,1.7136335372924805e-07,160,28.218056297302248,0.0,-5.602836608886719e-06,216.54347826086956,-356.3060468043479,,
162,0,21551,20736,0.0,0.001,-4.6566128730773926e-09,161,26.03141384124756,0.0,-7.271766662597656e-06,216.54347826086956,-356.3060468043479,,
163,0,21577,20864,0.0,0.001,2.2351741790771484e-07,162,25.496473121643067,0.0,2.3245811462402344e-06,216.54347826086956,-356.3060468043479,,
,,,20992,0.0,0.001,-5.960464477539063e-08,163,25.37474594116211,0.0,1.1920928955078125e-06,,,400.0,-204.7501728
164,0,22000,20992,,,,,,,,216.54347826086956,-356.3060468043479,,
165,0,22025,21120,0.0,0.001,7.450580596923828e-08,164,25.344224739074708,0.0,-1.9073486328125e-06,216.54347826086956,-356.3060468043479,,
166,0,22051,21248,0.0,0.001,4.470348358154297e-08,165,25.33399181365967,0.0,-2.0265579223632812e-06,218.51612903225808,-354.6140179569893,,
167,0,22076,21376,0.0,0.001,-1.955777406692505e-08,166,170.56292114257812,0.0,-2.384185791015625e-07,218.51612903225808,-354.6140179569893,,
,,,21504,0.0,0.001,-3.725290298461914e-08,167,31.80770492553711,0.0,-6.473064422607422e-05,,,400.0,-198.25336299999998
168,0,22498,21504,,,,,,,,218.51612903225808,-354.6140179569893,,
169,0,22523,21632,0.0,0.001,-8.195638656616211e-08,168,27.48964366912842,0.0,-1.7762184143066406e-05,222.33684210526314,-351.3195983157895,,
170,0,22549,21760,0.0,0.001,7.450580596923828e-09,169,277.6704437255859,0.0,-5.7220458984375e-06,224.1875,-349.6393920729167,,
171,0,22575,21888,0.0,0.001,0.0,170,177.38163299560546,0.0,-3.933906555175781e-06,224.1875,-349.6393920729167,,
,,,22016,0.0,0.001,-1.4528632164001465e-07,171,27.51202564239502,0.0,-1.5497207641601562e-06,,,400.0,-222.5819432
172,0,22998,22016,,,,,,,,224.1875,-349.6393920729167,,
173,0,23023,22144,0.0,0.001,1.0058283805847168e-07,172,25.86787929534912,0.0,4.76837158203125e-07,224.1875,-349.6393920729167,,
174,0,23048,22272,0.0,0.001,2.0582228899002075e-07,173,25.44850082397461,0.0,-8.940696716308594e-06,224.1875,-349.6393920729167,,
175,0,23074,22400,0.0,0.001,1.043081283569336e-07,174,25.33270893096924,0.0,-2.86102294921875e-06,224.1875,-349.6393920729167,,
,,,22528,0.0,0.001,1.1920928955078125e-07,175,25.297079658508302,0.0,-2.5033950805664062e-06,,,400.0,-198.05424920000002
176,0,23495,22528,,,,,,,,224.1875,-349.6393920729167,,
177,0,23520,22656,0.0,0.001,4.470348358154297e-08,176,25.283423042297365,0.0,-1.1205673217773438e-05,224.1875,-349.6393920729167,,
178,0,23545,22784,1.0,0.001,4.377216100692749e-08,177,25.27605266571045,0.0005990348872728646,-1.2159347534179688e-05,224.1875,-349.6393920729167,,
179,0,23571,22912,1.0,0.001,9.948387742042542e-06,178,25.270328712463378,0.4831812083721161,2.6226043701171875e-06,226.0,-348.00329144329896,,
,,,23040,1.0,0.001,0.002714443951845169,179,152.5378448486328,0.07136678695678711,-6.4373016357421875e-06,,,400.0,-202.08386679999998
180,0,23994,23040,,,,,,,,226.0,-348.00329144329896,,
181,0,24020,23168,1.0,0.001,0.0014606267213821411,180,33.97373886108399,0.0023025148548185825,-8.881092071533203e-05,227.77551020408163,-346.3642899897959,,
182,0,24045,23296,1.0,0.001,7.450580596923828e-09,181,192.1190963745117,4.8830097512109205e-05,-9.775161743164062e-06,229.5151515151515,-344.74686514141416,,
183,0,24071,23424,1.0,0.001,3.390014171600342e-06,182,136.12369079589843,0.46649664640426636,-5.4836273193359375e-06,231.22,-343.1139093,,
,,,23552,1.0,0.001,0.2543811798095703,183,153.09121704101562,0.3928520679473877,-8.463859558105469e-06,,,400.0,-193.4759694
184,0,24493,23552,,,,,,,,231.22,-343.1139093,,
185,0,24519,23680,1.0,0.001,0.07806642353534698,184,36.26725120544434,0.4519486427307129,-9.34600830078125e-05,231.22,-343.1139093,,
186,0,24544,23808,1.0,0.001,0.04565801844000816,185,34.20124778747559,0.14396017789840698,-9.59634780883789e-05,231.22,-343.1139093,,
187,0,24570,23936,1.0,0.001,0.002984609454870224,186,32.90632572174072,0.01736236736178398,-6.937980651855469e-05,231.22,-343.1139093,,
,,,24064,1.0,0.001,-9.12696123123169e-08,187,31.824851989746094,1.1444091796875e-05,-4.9114227294921875e-05,,,400.0,-200.088895
188,0,24991,24064,,,,,,,,231.22,-343.1139093,,
189,0,25016,24192,0.0,0.001,-5.960464477539063e-08,188,30.168438148498534,0.0,-2.586841583251953e-05,231.22,-343.1139093,,
190,0,25042,24320,0.0,0.001,2.123415470123291e-07,189,28.729516792297364,0.0,-2.491474151611328e-05,231.22,-343.1139093,,
191,0,25067,24448,0.0,0.001,2.2351741790771484e-08,190,27.97202777862549,0.0,-2.47955322265625e-05,234.53,-341.0572809700001,,
,,,24576,0.0,0.001,-1.6763806343078613e-08,191,202.2098648071289,0.0,-2.1457672119140625e-06,,,400.0,-205.47692360000002
192,0,25474,24576,,,,,,,,234.53,-341.0572809700001,,
193,0,25498,24704,0.0,0.001,-6.705522537231445e-08,192,30.571139526367187,0.0,-4.029273986816406e-05,234.53,-341.0572809700001,,
194,0,25523,24832,0.0,0.001,-2.8870999813079834e-08,193,26.87563991546631,0.0,-1.7881393432617188e-05,241.1,-335.47694809,,
195,0,25547,24960,0.0,0.001,-8.381903171539307e-09,194,327.76500549316404,0.0,-6.67572021484375e-06,244.32,-332.63680203999996,,
,,,25088,0.0,0.001,7.450580596923828e-09,195,210.60214080810547,0.0,-1.0609626770019531e-05,,,400.0,-192.919989
196,0,25945,25088,,,,,,,,244.32,-332.63680203999996,,
197,0,25969,25216,0.0,0.001,-4.0978193283081055e-08,196,33.33320236206055,0.0,-6.330013275146484e-05,244.32,-332.63680203999996,,
198,0,25994,25344,0.0,0.001,-1.862645149230957e-08,197,27.297473526000978,0.0,-1.0609626770019531e-05,244.32,-332.63680203999996,,
199,0,26018,25472,0.0,0.001,-1.0244548320770264e-07,198,25.65612163543701,0.0,-3.933906555175781e-06,244.32,-332.63680203999996,,
,,,25600,0.0,0.001,2.9802322387695312e-08,199,25.28031635284424,0.0,6.020069122314453e-06,,,400.0,-191.7129076
200,0,26421,25600,,,,,,,,244.32,-332.63680203999996,,
201,0,26445,25728,0.0,0.001,-3.259629011154175e-08,200,25.18824291229248,0.0,-3.4570693969726562e-06,244.32,-332.63680203999996,,
202,0,26469,25856,0.0,0.001,-1.1920928955078125e-07,201,25.16261444091797,0.0,-5.841255187988281e-06,244.32,-332.63680203999996,,
203,0,26494,25984,0.0,0.001,-8.009374141693115e-08,202,25.152337646484376,0.0,-2.6226043701171875e-06,244.32,-332.63680203999996,,
,,,26112,0.0,0.001,9.685754776000977e-08,203,25.1461612701416,0.0,4.76837158203125e-06,,,400.0,-217.65983
204,0,26894,26112,,,,,,,,247.6,-330.48783251000003,,
205,0,26918,26240,0.0,0.001,-3.725290298461914e-09,204,174.4627212524414,0.0,-1.1920928955078125e-07,247.6,-330.48783251000003,,
206,0,26944,26368,0.0,0.001,5.960464477539063e-08,205,26.75890064239502,0.0,-1.1920928955078125e-07,250.82,-327.28577062,,
207,0,26969,26496,0.0,0.001,7.450580596923828e-09,206,218.6747253417969,0.0,-2.7418136596679688e-06,254.03,-325.07836724000003,,
,,,26624,0.0,0.001,-1.4901161193847656e-08,207,161.54969024658203,0.0,-1.049041748046875e-05,,,400.0,-195.3328302
208,0,27390,26624,,,,,,,,257.3,-322.53473016,,
209,0,27416,26752,0.0,0.001,2.2351741790771484e-08,208,183.41940460205078,0.0,-1.33514404296875e-05,257.3,-322.53473016,,
210,0,27441,26880,0.0,0.001,8.381903171539307e-08,209,40.561079788208005,0.0,-7.224082946777344e-05,257.3,-322.53473016,,
211,0,27467,27008,0.0,0.001,-1.3504177331924438e-07,210,36.599910736083984,0.0,-0.00010597705841064453,257.3,-322.53473016,,
,,,27136,0.0,0.001,-1.30385160446167e-08,211,34.7481071472168,0.0,-8.285045623779297e-05,,,400.0,-203.67992900000002
212,0,27887,27136,,,,,,,,257.3,-322.53473016,,
213,0,27913,27264,0.0,0.001,-3.725290298461914e-09,212,33.62543640136719,0.0,-8.153915405273438e-05,257.3,-322.53473016,,
214,0,27938,27392,0.0,0.001,-1.8440186977386475e-07,213,33.07198791503906,0.0,-7.2479248046875e-05,257.3,-322.53473016,,
215,0,27964,27520,0.0,0.001,-2.9802322387695312e-08,214,32.60070915222168,0.0,-6.210803985595703e-05,257.3,-322.53473016,,
,,,27648,0.0,0.001,-1.5832483768463135e-08,215,32.29965324401856,0.0,-5.233287811279297e-05,,,400.0,-203.051512
216,0,28386,27648,,,,,,,,260.54,-319.78175566,,
217,0,28412,27776,0.0,0.001,-1.4901161193847656e-08,216,244.438818359375,0.0,-7.62939453125e-06,260.54,-319.78175566,,
218,0,28437,27904,0.0,0.001,-5.21540641784668e-08,217,34.36516075134277,0.0,-4.482269287109375e-05,260.54,-319.78175566,,
219,0,28463,28032,0.0,0.001,-7.078051567077637e-08,218,31.08713436126709,0.0,-4.696846008300781e-05,267.0,-314.925784,,
,,,28160,0.0,0.001,-3.725290298461914e-09,219,390.6678771972656,0.0,-5.245208740234375e-06,,,400.0,-211.57519620000002
220,0,28885,28160,,,,,,,,270.16,-313.05126885000004,,
221,0,28910,28288,0.0,0.001,0.0,220,235.9972381591797,0.0,2.5033950805664062e-06,270.16,-313.05126885000004,,
222,0,28936,28416,0.0,0.001,3.91155481338501e-08,221,36.91710014343262,0.0,-9.238719940185547e-05,270.16,-313.05126885000004,,
223,0,28961,28544,0.0,0.001,-6.705522537231445e-08,222,34.52917556762695,0.0,-8.14199447631836e-05,270.16,-313.05126885000004,,
,,,28672,0.0,0.001,4.0978193283081055e-08,223,33.19797496795654,0.0,-8.07046890258789e-05,,,400.0,-203.3148392
224,0,29382,28672,,,,,,,,270.16,-313.05126885000004,,
225,0,29407,28800,0.0,0.001,2.9802322387695312e-08,224,32.30490646362305,0.0,-5.614757537841797e-05,270.16,-313.05126885000004,,
226,0,29433,28928,0.0,0.001,2.2351741790771484e-08,225,31.220572471618652,0.0,-5.030632019042969e-05,270.16,-313.05126885000004,,
227,0,29458,29056,0.0,0.001,-1.30385160446167e-07,226,29.58647346496582,0.0,-3.802776336669922e-05,270.16,-313.05126885000004,,
,,,29184,0.0,0.001,5.21540641784668e-08,227,28.34187431335449,0.0,-1.4901161193847656e-05,,,400.0,-193.68349840000002
228,0,29878,29184,,,,,,,,270.16,-313.05126885000004,,
229,0,29903,29312,0.0,0.001,-2.60770320892334e-08,228,27.67497158050537,0.0,-1.8835067749023438e-05,273.42,-310.75989163,,
230,0,29929,29440,0.0,0.001,-1.4901161193847656e-08,229,207.2950408935547,0.0,-2.2649765014648438e-06,273.42,-310.75989163,,
231,0,29954,29568,0.0,0.001,-1.3969838619232178e-07,230,28.23546657562256,0.0,-7.987022399902344e-06,276.7,-308.2321959,,
,,,29696,0.0,0.001,-7.450580596923828e-09,231,261.49219665527346,0.0,-1.1920928955078125e-06,,,400.0,-192.8264294
232,0,30374,29696,,,,,,,,279.93,-305.80469980000004,,
233,0,30400,29824,0.0,0.001,7.450580596923828e-09,232,187.03026275634767,0.0,-1.1682510375976562e-05,283.06,-303.73780066,,
234,0,30425,29952,0.0,0.001,1.1175870895385742e-08,233,209.9669158935547,0.0,-8.821487426757812e-06,283.06,-303.73780066,,
235,0,30451,30080,0.0,0.001,9.313225746154785e-08,234,31.994939422607423,0.0,-1.919269561767578e-05,283.06,-303.73780066,,
